,losses,accuracy
0,0.2691330338517825,0.3160763084888458
1,0.3286111230651538,0.1743869185447693
2,0.33215278883775073,0.1743869185447693
3,0.32979167997837067,0.1743869185447693
