,losses,accuracy
0,0.12310994975268841,0.5422343611717224
1,0.10690348036587238,0.6321526169776917
2,0.10655717737972736,0.6239781975746155
3,0.10116762357453506,0.6348773837089539
