,losses,accuracy
0,0.1255215611308813,0.5258855819702148
1,0.11299603618681431,0.5776566863059998
2,0.1012751329690218,0.6321526169776917
3,0.10515818806986015,0.6185286045074463
