,losses,accuracy
0,0.3308333531022072,0.1716621220111847
1,0.3320139025648435,0.1716621220111847
2,0.33201390008131665,0.1716621220111847
3,0.3308333406845729,0.1716621220111847
