,losses,accuracy
0,1.2530697633822758,0.5204359889030457
1,1.1999592383702595,0.531335175037384
2,1.2232761681079865,0.583106279373169
3,1.5466675907373428,0.5449591279029846
