,losses,accuracy
0,1.1519657919804256,0.5340599417686462
1,1.0587481806675594,0.5940054655075073
2,1.2323106825351715,0.5667575001716614
3,1.4091738214095433,0.5885558724403381
