,losses,accuracy
0,13.426149686177572,0.1716621220111847
1,13.283437252044678,0.1716621220111847
2,13.378578821818033,0.1716621220111847
3,13.331008036931356,0.1716621220111847
