,losses,accuracy
0,1.1505316992600758,0.4986376166343689
1,1.1172696401675541,0.5749318599700928
2,1.177987515926361,0.5585830807685852
3,1.3473269144694011,0.5613079071044922
